<?xml version="1.0" encoding="UTF-8"?>
<project version="4">
  <component name="WizardSettings">
    <option name="children">
      <map>
        <entry key="imageWizard">
          <value>
            <PersistentState>
              <option name="children">
                <map>
                  <entry key="imageAssetPanel">
                    <value>
                      <PersistentState>
                        <option name="children">
                          <map>
                            <entry key="actionbar">
                              <value>
                                <PersistentState>
                                  <option name="children">
                                    <map>
                                      <entry key="clipArt">
                                        <value>
                                          <PersistentState>
                                            <option name="values">
                                              <map>
                                                <entry key="color" value="000000" />
                                                <entry key="paddingPercent" value="15" />
                                              </map>
                                            </option>
                                          </PersistentState>
                                        </value>
                                      </entry>
                                      <entry key="clipartAsset">
                                        <value>
                                          <PersistentState>
                                            <option name="values">
                                              <map>
                                                <entry key="url" value="jar:file:/C:/Program%20Files/Android/Android%20Studio/plugins/android/lib/android.jar!/images/material_design_icons/action/ic_lock_black_24dp.xml" />
                                              </map>
                                            </option>
                                          </PersistentState>
                                        </value>
                                      </entry>
                                    </map>
                                  </option>
                                  <option name="values">
                                    <map>
                                      <entry key="outputName" value="ic_action_pass" />
                                      <entry key="theme" value="HOLO_DARK" />
                                      <entry key="themeColor" value="ffffff" />
                                    </map>
                                  </option>
                                </PersistentState>
                              </value>
                            </entry>
                            <entry key="launcher">
                              <value>
                                <PersistentState>
                                  <option name="children">
                                    <map>
                                      <entry key="foregroundImage">
                                        <value>
                                          <PersistentState>
                                            <option name="values">
                                              <map>
                                                <entry key="color" value="000000" />
                                              </map>
                                            </option>
                                          </PersistentState>
                                        </value>
                                      </entry>
                                    </map>
                                  </option>
                                </PersistentState>
                              </value>
                            </entry>
                            <entry key="launcherLegacy">
                              <value>
                                <PersistentState>
                                  <option name="children">
                                    <map>
                                      <entry key="clipArt">
                                        <value>
                                          <PersistentState>
                                            <option name="values">
                                              <map>
                                                <entry key="color" value="000000" />
                                              </map>
                                            </option>
                                          </PersistentState>
                                        </value>
                                      </entry>
                                    </map>
                                  </option>
                                </PersistentState>
                              </value>
                            </entry>
                            <entry key="notification">
                              <value>
                                <PersistentState>
                                  <option name="children">
                                    <map>
                                      <entry key="clipArt">
                                        <value>
                                          <PersistentState>
                                            <option name="values">
                                              <map>
                                                <entry key="color" value="000000" />
                                              </map>
                                            </option>
                                          </PersistentState>
                                        </value>
                                      </entry>
                                    </map>
                                  </option>
                                </PersistentState>
                              </value>
                            </entry>
                          </map>
                        </option>
                        <option name="values">
                          <map>
                            <entry key="outputIconType" value="ACTIONBAR" />
                          </map>
                        </option>
                      </PersistentState>
                    </value>
                  </entry>
                </map>
              </option>
            </PersistentState>
          </value>
        </entry>
      </map>
    </option>
  </component>
</project>