<?xml version="1.0" encoding="UTF-8"?>
<project version="4">
  <component name="AndroidLayouts">
    <shared>
      <config />
    </shared>
  </component>
  <component name="AndroidLogFilters">
    <option name="TOOL_WINDOW_CONFIGURED_FILTER" value="No Filters" />
  </component>
  <component name="AvailableLibraryUpdateStorage">
    <library-updates>
      <library-update>
        <group-id>com.android.support</group-id>
        <name>recyclerview-v7</name>
        <version>28.0.0</version>
        <repository>Google</repository>
      </library-update>
      <library-update>
        <group-id>com.android.support</group-id>
        <name>appcompat-v7</name>
        <version>28.0.0</version>
        <repository>Google</repository>
      </library-update>
      <library-update>
        <group-id>com.android.support</group-id>
        <name>cardview-v7</name>
        <version>28.0.0</version>
        <repository>Google</repository>
      </library-update>
      <library-update>
        <group-id>com.android.support.constraint</group-id>
        <name>constraint-layout</name>
        <version>2.0.0-beta3</version>
        <repository>Google</repository>
      </library-update>
      <library-update>
        <group-id>junit</group-id>
        <name>junit</name>
        <version>4.13-rc-1</version>
        <repository>JCenter</repository>
      </library-update>
      <library-update>
        <group-id>com.android.support.test</group-id>
        <name>runner</name>
        <version>1.0.2</version>
        <repository>Google</repository>
      </library-update>
      <library-update>
        <group-id>com.android.support.test.espresso</group-id>
        <name>espresso-core</name>
        <version>3.0.2</version>
        <repository>Google</repository>
      </library-update>
    </library-updates>
    <last-search-timestamp>1572657620079</last-search-timestamp>
  </component>
  <component name="CMakeSettings">
    <configurations>
      <configuration PROFILE_NAME="Debug" CONFIG_NAME="Debug" />
    </configurations>
  </component>
  <component name="ChangeListManager">
    <list default="true" id="4eb34f0b-8368-4ed6-a7c5-c9fe42c82bd1" name="Default" comment="Update">
      <change afterPath="$PROJECT_DIR$/app/src/main/res/layout/activity_main.xml" afterDir="false" />
    </list>
    <option name="EXCLUDED_CONVERTED_TO_IGNORED" value="true" />
    <option name="SHOW_DIALOG" value="false" />
    <option name="HIGHLIGHT_CONFLICTS" value="true" />
    <option name="HIGHLIGHT_NON_ACTIVE_CHANGELIST" value="false" />
    <option name="LAST_RESOLUTION" value="IGNORE" />
  </component>
  <component name="ExternalProjectsData">
    <projectState path="$PROJECT_DIR$">
      <ProjectState />
    </projectState>
  </component>
  <component name="ExternalProjectsManager">
    <system id="GRADLE">
      <state>
        <projects_view />
      </state>
    </system>
  </component>
  <component name="FileEditorManager">
    <leaf SIDE_TABS_SIZE_LIMIT_KEY="375">
      <file pinned="false" current-in-tab="false">
        <entry file="file://$PROJECT_DIR$/app/src/main/res/layout/activity_main.xml">
          <provider selected="true" editor-type-id="android-designer2" />
          <provider editor-type-id="text-editor">
            <state relative-caret-position="153">
              <caret line="9" column="4" selection-start-line="9" selection-start-column="4" selection-end-line="14" selection-end-column="45" />
            </state>
          </provider>
        </entry>
      </file>
      <file pinned="false" current-in-tab="false">
        <entry file="file://$PROJECT_DIR$/app/src/main/res/layout/activity_find.xml">
          <provider selected="true" editor-type-id="android-designer2" />
          <provider editor-type-id="text-editor">
            <state relative-caret-position="221">
              <caret line="13" selection-start-line="13" selection-end-line="13" />
            </state>
          </provider>
        </entry>
      </file>
      <file pinned="false" current-in-tab="false">
        <entry file="file://$PROJECT_DIR$/app/src/main/res/layout/activity_sign_up.xml">
          <provider selected="true" editor-type-id="android-designer2" />
          <provider editor-type-id="text-editor">
            <state relative-caret-position="238">
              <caret line="14" column="4" selection-start-line="14" selection-start-column="4" selection-end-line="14" selection-end-column="4" />
            </state>
          </provider>
        </entry>
      </file>
      <file pinned="false" current-in-tab="false">
        <entry file="file://$PROJECT_DIR$/app/src/main/res/layout/activity_edit_perfil.xml">
          <provider selected="true" editor-type-id="android-designer2" />
          <provider editor-type-id="text-editor" />
        </entry>
      </file>
      <file pinned="false" current-in-tab="false">
        <entry file="file://$PROJECT_DIR$/app/src/main/res/layout/activity_start.xml">
          <provider selected="true" editor-type-id="android-designer2" />
          <provider editor-type-id="text-editor">
            <state relative-caret-position="102">
              <caret line="6" column="4" selection-start-line="6" selection-start-column="4" selection-end-line="6" selection-end-column="34" />
            </state>
          </provider>
        </entry>
      </file>
      <file pinned="false" current-in-tab="true">
        <entry file="file://$PROJECT_DIR$/app/src/main/res/layout/activity_login.xml">
          <provider selected="true" editor-type-id="android-designer2" />
          <provider editor-type-id="text-editor">
            <state relative-caret-position="1615">
              <caret line="95" column="39" selection-start-line="95" selection-start-column="39" selection-end-line="95" selection-end-column="39" />
            </state>
          </provider>
        </entry>
      </file>
    </leaf>
  </component>
  <component name="FileTemplateManagerImpl">
    <option name="RECENT_TEMPLATES">
      <list>
        <option value="Class" />
        <option value="layoutResourceFile" />
      </list>
    </option>
  </component>
  <component name="FindInProjectRecents">
    <findStrings>
      <find>center</find>
    </findStrings>
  </component>
  <component name="Git.Settings">
    <option name="RECENT_GIT_ROOT_PATH" value="$PROJECT_DIR$" />
  </component>
  <component name="IdeDocumentHistory">
    <option name="CHANGED_PATHS">
      <list>
        <option value="$PROJECT_DIR$/app/src/main/res/layout/login.xml" />
        <option value="$PROJECT_DIR$/app/src/main/java/com/varius/alex/informatec/MainActivity.java" />
        <option value="$PROJECT_DIR$/app/src/main/java/com/varius/alex/informatec/Login.java" />
        <option value="$PROJECT_DIR$/app/src/main/res/values/styles.xml" />
        <option value="$PROJECT_DIR$/app/build.gradle" />
        <option value="$PROJECT_DIR$/app/src/main/res/layout/activity_procesadores.xml" />
        <option value="$PROJECT_DIR$/app/src/main/res/layout/activity_proc.xml" />
        <option value="$PROJECT_DIR$/app/src/main/res/layout/activity_procesadores_list.xml" />
        <option value="$PROJECT_DIR$/app/src/main/res/drawable/btn_redondeado_white.xml" />
        <option value="$PROJECT_DIR$/app/src/main/res/drawable/btn_fondo_color.xml" />
        <option value="$PROJECT_DIR$/app/src/main/res/drawable/input.xml" />
        <option value="$PROJECT_DIR$/app/src/main/res/layout/activity_start.xml" />
        <option value="$PROJECT_DIR$/app/src/main/res/layout/activity_login.xml" />
        <option value="$PROJECT_DIR$/app/src/main/res/layout/activity_main.xml" />
        <option value="$PROJECT_DIR$/app/src/main/res/layout/activity_find.xml" />
        <option value="$PROJECT_DIR$/app/src/main/res/layout/activity_sign_up.xml" />
        <option value="$PROJECT_DIR$/app/src/main/res/layout/activity_edit_perfil.xml" />
      </list>
    </option>
  </component>
  <component name="ProjectFrameBounds" extendedState="6">
    <option name="x" value="544" />
    <option name="width" value="1384" />
    <option name="height" value="786" />
  </component>
  <component name="ProjectLevelVcsManager" settingsEditedManually="true" />
  <component name="ProjectView">
    <navigator proportions="" version="1">
      <foldersAlwaysOnTop value="true" />
    </navigator>
    <panes>
      <pane id="PackagesPane" />
      <pane id="Scope" />
      <pane id="AndroidView" />
      <pane id="ProjectPane" />
    </panes>
  </component>
  <component name="PropertiesComponent">
    <property name="android.sdk.path" value="$USER_HOME$/AppData/Local/Android/Sdk" />
    <property name="last_directory_selection" value="$PROJECT_DIR$/app/src/main/res/drawable" />
    <property name="last_opened_file_path" value="F:/1/Furukawa" />
    <property name="project.structure.last.edited" value="Project" />
    <property name="project.structure.proportion" value="0.17" />
    <property name="project.structure.side.proportion" value="0.0" />
    <property name="settings.editor.selected.configurable" value="tasks.servers" />
  </component>
  <component name="RecentsManager">
    <key name="CopyFile.RECENT_KEYS">
      <recent name="C:\Users\Diego\Desktop\INFORMATEC\app\src\main\res\layout" />
      <recent name="C:\Users\Diego\Desktop\INFORMATEC\app\src\main\res\drawable" />
      <recent name="C:\Users\Alex\Desktop\INFORMATEC\app\src\main\res\drawable" />
    </key>
    <key name="MoveFile.RECENT_KEYS">
      <recent name="C:\Users\Diego\Desktop\INFORMATEC\app\src\main\res\drawable" />
    </key>
  </component>
  <component name="RunDashboard">
    <option name="ruleStates">
      <list>
        <RuleState>
          <option name="name" value="ConfigurationTypeDashboardGroupingRule" />
        </RuleState>
        <RuleState>
          <option name="name" value="StatusDashboardGroupingRule" />
        </RuleState>
      </list>
    </option>
  </component>
  <component name="RunManager">
    <configuration name="&lt;template&gt;" type="JUnit" default="true" selected="false">
      <option name="VM_PARAMETERS" value="-ea" />
      <option name="WORKING_DIRECTORY" value="%MODULE_WORKING_DIR%" />
    </configuration>
    <configuration default="true" type="AndroidJUnit" factoryName="Android JUnit">
      <option name="TEST_OBJECT" value="class" />
      <option name="WORKING_DIRECTORY" value="$MODULE_DIR$" />
      <method v="2">
        <option name="Android.Gradle.BeforeRunTask" enabled="true" />
      </method>
    </configuration>
    <configuration name="app" type="AndroidRunConfigurationType" factoryName="Android App">
      <module name="app" />
      <option name="DEPLOY" value="true" />
      <option name="DEPLOY_APK_FROM_BUNDLE" value="false" />
      <option name="DEPLOY_AS_INSTANT" value="false" />
      <option name="ARTIFACT_NAME" value="" />
      <option name="PM_INSTALL_OPTIONS" value="" />
      <option name="DYNAMIC_FEATURES_DISABLED_LIST" value="" />
      <option name="ACTIVITY_EXTRA_FLAGS" value="" />
      <option name="MODE" value="default_activity" />
      <option name="CLEAR_LOGCAT" value="false" />
      <option name="SHOW_LOGCAT_AUTOMATICALLY" value="false" />
      <option name="SKIP_NOOP_APK_INSTALLATIONS" value="true" />
      <option name="FORCE_STOP_RUNNING_APP" value="true" />
      <option name="TARGET_SELECTION_MODE" value="SHOW_DIALOG" />
      <option name="USE_LAST_SELECTED_DEVICE" value="false" />
      <option name="PREFERRED_AVD" value="" />
      <option name="SELECTED_CLOUD_MATRIX_CONFIGURATION_ID" value="-1" />
      <option name="SELECTED_CLOUD_MATRIX_PROJECT_ID" value="" />
      <option name="DEBUGGER_TYPE" value="Auto" />
      <Auto>
        <option name="USE_JAVA_AWARE_DEBUGGER" value="false" />
        <option name="SHOW_STATIC_VARS" value="true" />
        <option name="WORKING_DIR" value="" />
        <option name="TARGET_LOGGING_CHANNELS" value="lldb process:gdb-remote packets" />
        <option name="SHOW_OPTIMIZED_WARNING" value="true" />
      </Auto>
      <Hybrid>
        <option name="USE_JAVA_AWARE_DEBUGGER" value="false" />
        <option name="SHOW_STATIC_VARS" value="true" />
        <option name="WORKING_DIR" value="" />
        <option name="TARGET_LOGGING_CHANNELS" value="lldb process:gdb-remote packets" />
        <option name="SHOW_OPTIMIZED_WARNING" value="true" />
      </Hybrid>
      <Java />
      <Native>
        <option name="USE_JAVA_AWARE_DEBUGGER" value="false" />
        <option name="SHOW_STATIC_VARS" value="true" />
        <option name="WORKING_DIR" value="" />
        <option name="TARGET_LOGGING_CHANNELS" value="lldb process:gdb-remote packets" />
        <option name="SHOW_OPTIMIZED_WARNING" value="true" />
      </Native>
      <Profilers>
        <option name="ADVANCED_PROFILING_ENABLED" value="false" />
        <option name="STARTUP_CPU_PROFILING_ENABLED" value="false" />
        <option name="STARTUP_CPU_PROFILING_CONFIGURATION_NAME" value="Sampled (Java)" />
      </Profilers>
      <option name="DEEP_LINK" value="" />
      <option name="ACTIVITY_CLASS" value="" />
      <method v="2">
        <option name="Android.Gradle.BeforeRunTask" enabled="true" />
      </method>
    </configuration>
    <configuration default="true" type="Application" factoryName="Application">
      <option name="WORKING_DIRECTORY" value="$PROJECT_DIR$" />
      <method v="2">
        <option name="Make" enabled="true" />
      </method>
    </configuration>
    <configuration default="true" type="TestNG">
      <option name="WORKING_DIRECTORY" value="%MODULE_WORKING_DIR%" />
      <properties />
      <listeners />
      <method v="2">
        <option name="Make" enabled="true" />
      </method>
    </configuration>
  </component>
  <component name="SvnConfiguration">
    <configuration />
  </component>
  <component name="TaskManager">
    <task active="true" id="Default" summary="Default task">
      <changelist id="4eb34f0b-8368-4ed6-a7c5-c9fe42c82bd1" name="Default" comment="" />
      <created>1572063053372</created>
      <option name="number" value="Default" />
      <option name="presentableId" value="Default" />
      <updated>1572063053372</updated>
    </task>
    <task id="LOCAL-00001" summary="Desing">
      <created>1572683564072</created>
      <option name="number" value="00001" />
      <option name="presentableId" value="LOCAL-00001" />
      <option name="project" value="LOCAL" />
      <updated>1572683564072</updated>
    </task>
    <task id="LOCAL-00002" summary="Update">
      <created>1573336807713</created>
      <option name="number" value="00002" />
      <option name="presentableId" value="LOCAL-00002" />
      <option name="project" value="LOCAL" />
      <updated>1573336807713</updated>
    </task>
    <option name="localTasksCounter" value="3" />
    <servers />
  </component>
  <component name="TodoView">
    <todo-panel id="selected-file">
      <is-autoscroll-to-source value="true" />
    </todo-panel>
    <todo-panel id="all">
      <are-packages-shown value="true" />
      <is-autoscroll-to-source value="true" />
    </todo-panel>
  </component>
  <component name="ToolWindowManager">
    <frame x="-8" y="-8" width="1936" height="1056" extended-state="6" />
    <editor active="true" />
    <layout>
      <window_info id="Structure" order="0" side_tool="true" weight="0.25" />
      <window_info id="Designer" order="1" />
      <window_info id="Build Variants" order="2" side_tool="true" />
      <window_info id="Image Layers" order="3" />
      <window_info id="Favorites" order="4" side_tool="true" />
      <window_info id="Captures" order="5" side_tool="true" weight="0.25" />
      <window_info id="Capture Tool" order="6" />
      <window_info content_ui="combo" id="Project" order="7" visible="true" weight="0.124200426" />
      <window_info id="Resources Explorer" order="8" weight="0.32995737" />
      <window_info anchor="bottom" id="Message" order="0" />
      <window_info anchor="bottom" id="Find" order="1" weight="0.23888889" />
      <window_info anchor="bottom" id="Run" order="2" />
      <window_info anchor="bottom" id="Debug" order="3" weight="0.4" />
      <window_info anchor="bottom" id="Cvs" order="4" weight="0.25" />
      <window_info anchor="bottom" id="Inspection" order="5" weight="0.4" />
      <window_info anchor="bottom" id="TODO" order="6" weight="0.32744783" />
      <window_info anchor="bottom" id="Build" order="7" sideWeight="0.4989339" visible="true" weight="0.16555555" />
      <window_info anchor="bottom" id="Android Profiler" order="8" show_stripe_button="false" />
      <window_info active="true" anchor="bottom" id="Event Log" order="9" sideWeight="0.5010661" side_tool="true" visible="true" weight="0.16555555" />
      <window_info anchor="bottom" id="Logcat" order="10" weight="0.32905295" />
      <window_info anchor="bottom" id="Version Control" order="11" />
      <window_info anchor="bottom" id="Terminal" order="12" weight="0.32744783" />
      <window_info anchor="bottom" id="Messages" order="13" sideWeight="0.49946696" visible="true" />
      <window_info anchor="right" id="Commander" internal_type="SLIDING" order="0" type="SLIDING" weight="0.4" />
      <window_info anchor="right" id="Ant Build" order="1" weight="0.25" />
      <window_info anchor="right" content_ui="combo" id="Hierarchy" order="2" weight="0.25" />
      <window_info anchor="right" id="Capture Analysis" order="3" />
      <window_info anchor="right" id="Preview" order="4" weight="0.32889125" />
      <window_info anchor="right" id="Device File Explorer" order="5" side_tool="true" />
      <window_info anchor="right" id="Gradle" order="6" />
      <window_info anchor="right" id="Palette&#9;" order="7" />
      <window_info anchor="right" id="Theme Preview" order="8" />
    </layout>
    <layout-to-restore>
      <window_info content_ui="combo" id="Project" order="0" visible="true" weight="0.124200426" />
      <window_info id="Structure" order="1" side_tool="true" weight="0.25" />
      <window_info id="Designer" order="2" />
      <window_info id="Build Variants" order="3" side_tool="true" />
      <window_info id="Image Layers" order="4" />
      <window_info id="Favorites" order="5" side_tool="true" />
      <window_info id="Captures" order="6" side_tool="true" weight="0.25" />
      <window_info id="Capture Tool" order="7" />
      <window_info id="Resources Explorer" order="8" weight="0.32995737" />
      <window_info anchor="bottom" id="Message" order="0" />
      <window_info anchor="bottom" id="Find" order="1" weight="0.23888889" />
      <window_info anchor="bottom" id="Run" order="2" />
      <window_info anchor="bottom" id="Debug" order="3" weight="0.4" />
      <window_info anchor="bottom" id="Cvs" order="4" weight="0.25" />
      <window_info anchor="bottom" id="Inspection" order="5" weight="0.4" />
      <window_info anchor="bottom" id="TODO" order="6" weight="0.32744783" />
      <window_info anchor="bottom" id="Build" order="7" visible="true" weight="0.16555555" />
      <window_info anchor="bottom" id="Android Profiler" order="8" show_stripe_button="false" />
      <window_info anchor="bottom" id="Event Log" order="9" side_tool="true" weight="0.32905295" />
      <window_info anchor="bottom" id="Logcat" order="10" weight="0.32905295" />
      <window_info anchor="bottom" id="Version Control" order="11" />
      <window_info anchor="bottom" id="Terminal" order="12" weight="0.32744783" />
      <window_info anchor="right" id="Commander" internal_type="SLIDING" order="0" type="SLIDING" weight="0.4" />
      <window_info anchor="right" id="Ant Build" order="1" weight="0.25" />
      <window_info anchor="right" content_ui="combo" id="Hierarchy" order="2" weight="0.25" />
      <window_info anchor="right" id="Capture Analysis" order="3" />
      <window_info active="true" anchor="right" id="Preview" order="4" visible="true" weight="0.32889125" />
      <window_info anchor="right" id="Device File Explorer" order="5" side_tool="true" />
      <window_info anchor="right" id="Gradle" order="6" />
      <window_info anchor="right" id="Palette&#9;" order="7" />
      <window_info anchor="right" id="Theme Preview" order="8" />
    </layout-to-restore>
  </component>
  <component name="VcsManagerConfiguration">
    <MESSAGE value="Desing" />
    <MESSAGE value="Update" />
    <option name="LAST_COMMIT_MESSAGE" value="Update" />
  </component>
  <component name="editorHistoryManager">
    <entry file="file://$PROJECT_DIR$/app/src/main/res/drawable/ic_launcher_background.xml">
      <provider selected="true" editor-type-id="text-editor" />
    </entry>
    <entry file="file://$PROJECT_DIR$/app/src/main/res/layout/login.xml" />
    <entry file="file://$PROJECT_DIR$/app/src/main/java/com/varius/alex/informatec/MainActivity.java">
      <provider selected="true" editor-type-id="text-editor">
        <state relative-caret-position="252">
          <caret line="16" column="29" selection-start-line="16" selection-start-column="29" selection-end-line="16" selection-end-column="29" />
        </state>
      </provider>
    </entry>
    <entry file="file://$PROJECT_DIR$/app/src/main/java/com/varius/alex/informatec/Login.java">
      <provider selected="true" editor-type-id="text-editor">
        <state relative-caret-position="189">
          <caret line="9" selection-start-line="9" selection-end-line="9" />
        </state>
      </provider>
    </entry>
    <entry file="file://$PROJECT_DIR$/app/src/main/res/layout/activity_proc.xml" />
    <entry file="file://$PROJECT_DIR$/app/src/main/res/values/styles.xml">
      <provider selected="true" editor-type-id="text-editor">
        <state relative-caret-position="51">
          <caret line="3" column="68" selection-start-line="3" selection-start-column="68" selection-end-line="3" selection-end-column="68" />
        </state>
      </provider>
    </entry>
    <entry file="file://$PROJECT_DIR$/app/build.gradle">
      <provider selected="true" editor-type-id="text-editor">
        <state relative-caret-position="323">
          <caret line="19" selection-start-line="19" selection-end-line="19" />
        </state>
      </provider>
    </entry>
    <entry file="file://$PROJECT_DIR$/app/src/main/res/drawable/input.xml">
      <provider selected="true" editor-type-id="text-editor">
        <state relative-caret-position="34">
          <caret line="2" column="34" selection-start-line="2" selection-start-column="34" selection-end-line="2" selection-end-column="34" />
        </state>
      </provider>
    </entry>
    <entry file="file://$PROJECT_DIR$/app/src/main/res/drawable/btn_fondo_color.xml">
      <provider selected="true" editor-type-id="text-editor">
        <state relative-caret-position="34">
          <caret line="2" column="29" selection-start-line="2" selection-start-column="23" selection-end-line="2" selection-end-column="29" />
        </state>
      </provider>
    </entry>
    <entry file="file://$PROJECT_DIR$/app/src/main/res/drawable/btn_redondeado_white.xml">
      <provider selected="true" editor-type-id="text-editor">
        <state relative-caret-position="68">
          <caret line="4" column="8" selection-start-line="4" selection-start-column="8" selection-end-line="4" selection-end-column="8" />
        </state>
      </provider>
    </entry>
    <entry file="file://$PROJECT_DIR$/app/src/main/res/drawable/gradient.xml">
      <provider selected="true" editor-type-id="text-editor">
        <state relative-caret-position="68">
          <caret line="4" column="35" selection-start-line="4" selection-start-column="29" selection-end-line="4" selection-end-column="35" />
        </state>
      </provider>
    </entry>
    <entry file="file://$PROJECT_DIR$/app/src/main/res/drawable/1.jpg">
      <provider selected="true" editor-type-id="images" />
    </entry>
    <entry file="file://$PROJECT_DIR$/app/src/main/res/drawable/bg.png">
      <provider selected="true" editor-type-id="images" />
    </entry>
    <entry file="file://$PROJECT_DIR$/app/src/main/res/layout/activity_procesadores_list.xml">
      <provider selected="true" editor-type-id="android-designer2" />
      <provider editor-type-id="text-editor">
        <state relative-caret-position="969">
          <caret line="57" column="32" lean-forward="true" selection-start-line="57" selection-start-column="32" selection-end-line="57" selection-end-column="32" />
        </state>
      </provider>
    </entry>
    <entry file="file://$PROJECT_DIR$/app/src/main/res/layout/activity_procesadores.xml">
      <provider selected="true" editor-type-id="android-designer2" />
      <provider editor-type-id="text-editor">
        <state relative-caret-position="136">
          <caret line="8" column="17" selection-start-line="8" selection-start-column="17" selection-end-line="8" selection-end-column="17" />
        </state>
      </provider>
    </entry>
    <entry file="file://$PROJECT_DIR$/app/src/main/res/layout/activity_main.xml">
      <provider selected="true" editor-type-id="android-designer2" />
      <provider editor-type-id="text-editor">
        <state relative-caret-position="153">
          <caret line="9" column="4" selection-start-line="9" selection-start-column="4" selection-end-line="14" selection-end-column="45" />
        </state>
      </provider>
    </entry>
    <entry file="file://$PROJECT_DIR$/app/src/main/res/layout/activity_find.xml">
      <provider selected="true" editor-type-id="android-designer2" />
      <provider editor-type-id="text-editor">
        <state relative-caret-position="221">
          <caret line="13" selection-start-line="13" selection-end-line="13" />
        </state>
      </provider>
    </entry>
    <entry file="file://$PROJECT_DIR$/app/src/main/res/layout/activity_sign_up.xml">
      <provider selected="true" editor-type-id="android-designer2" />
      <provider editor-type-id="text-editor">
        <state relative-caret-position="238">
          <caret line="14" column="4" selection-start-line="14" selection-start-column="4" selection-end-line="14" selection-end-column="4" />
        </state>
      </provider>
    </entry>
    <entry file="file://$PROJECT_DIR$/app/src/main/res/layout/activity_edit_perfil.xml">
      <provider selected="true" editor-type-id="android-designer2" />
      <provider editor-type-id="text-editor" />
    </entry>
    <entry file="file://$PROJECT_DIR$/app/src/main/res/layout/activity_start.xml">
      <provider selected="true" editor-type-id="android-designer2" />
      <provider editor-type-id="text-editor">
        <state relative-caret-position="102">
          <caret line="6" column="4" selection-start-line="6" selection-start-column="4" selection-end-line="6" selection-end-column="34" />
        </state>
      </provider>
    </entry>
    <entry file="file://$PROJECT_DIR$/app/src/main/res/layout/activity_login.xml">
      <provider selected="true" editor-type-id="android-designer2" />
      <provider editor-type-id="text-editor">
        <state relative-caret-position="1615">
          <caret line="95" column="39" selection-start-line="95" selection-start-column="39" selection-end-line="95" selection-end-column="39" />
        </state>
      </provider>
    </entry>
  </component>
</project>